{
    "gitbook": "3.x.x" ,
    "title": "Api Document",
    "author" : "Bell",
    "generator": "site",
    "language" : "zh-hans",
    "plugins": [
        "sharing",
        "-lunr",
        "-search",
        "search-pro",
        "splitter",
        "anchors",
        "anchor-navigation-ex"
        ],
    "pluginsConfig": {
        "search-pro": {
            "cutWordLib": "nodejieba",
            "defineWord" : ["搜索"]
        },
        "sharing": {
            "facebook": false,
            "twitter": false,
            "google": false,
            "weibo": false,
            "instapaper": false,
            "vk": false,
            "all": [
                "facebook", "google", "twitter",
                "weibo", "instapaper"
            ]
        }
    }
}
