{"./":{"url":"./","title":"Introduction","keywords":"","body":"接口文档 接口文档使用说明 v2.0 更新 网吧附近、智能排序、筛选 搜索热门推荐 网吧活动详情 已关注网吧列表 评论详情 评论网吧 回复网吧评论 举报网吧评论 提交意见反馈 (已完成) 获取系统通知消息列表 (已完成) 更新指定系统通知消息状态 (已完成) 获取系统推送配置界面配置列表 (已完成) 设置系统推送配置 (已完成) 获取隐私设置开关列表 (已完成) 设置隐私设置 (已完成) 获取创建角色时相关数据 (已完成) 绑定游戏角色 (已完成) 删除游戏角色 (已完成) 更新游戏角色 (已完成) 获取用户游戏角色列表 (已完成) 用户中心首页 (已完成) 获取待评论列表 (已完成) 获取已评论列表 (已完成) 获取获奖记录列表 (已完成) "},"guide.html":{"url":"guide.html","title":"接口文档使用说明","keywords":"","body":"接口文档使用说明 所有登录请求 采用post提交 测试地址 http://192.168.0.22:10011/capi.php 正式地址 SIGN_KEY : 20170215*&^%^$#@ 请求参数 data = ??? (json 字符串) data 为一个 json数据 其参数为 c // 请求操作code t // 请求时间, 必须校准服务器时间 d //(json 序列化字符串) 需要请求的数据 s // 请求签名 $s = md5($c.$t.$d. SIGN_KEY); 如 data = {\"c\":1,\"t\":1486364446,\"d\":\"{\\\"username\\\":\\\"15171505291\\\",\\\"key1\\\":\\\"65ad6b4ed916027dca32b318c4ce127b\\\"}\",\"s\":\"367d15daf452ab55db18cfea4d428668\"} 返回格式 (json 字符串) status 状态 data 返回的数据 错误: {\"status\":0,\"info\":\"您没有登录,请先登录\"} 正确 {\"status\":1,\"info\":\"\",\"data\":{\"rolename\":\"网吧管理员\",\"sid\":\"123123\",\"id\":\"8\",\"nickname\":\"3\",\"name\":\"15171505291\"}} 所有请求(不包括登录)需要带默认参数 sid: //sessionid //登录成功后返回 id: // 用户id 登录成功后返回 如 {\"c\":2,\"t\":1486364605,\"d\":\"{\\\"id\\\":8,\\\"sid\\\":\\\"123123\\\"}\",\"s\":\"1e93c8a6b2e6fddd22e6c96e44c57261\"} 以下api 返回数据 只描述 data里面的参数 所有 id 都是整型，只是在传递的时候都是以字符串传递 "},"src/":{"url":"src/","title":"接口文档","keywords":"","body":"接口文档 接口文档使用说明 v2.0 更新 网吧附近、智能排序、筛选 搜索热门推荐 网吧活动详情 已关注网吧列表 评论详情 评论网吧 回复网吧评论 举报网吧评论 提交意见反馈 (已完成) 获取系统通知消息列表 (已完成) 更新指定系统通知消息状态 (已完成) 获取系统推送配置界面配置列表 (已完成) 设置系统推送配置 (已完成) 获取隐私设置开关列表 (已完成) 设置隐私设置 (已完成) 获取创建角色时相关数据 (已完成) 绑定游戏角色 (已完成) 删除游戏角色 (已完成) 更新游戏角色 (已完成) 获取用户游戏角色列表 (已完成) 用户中心首页 (已完成) 获取待评论列表 (已完成) 获取已评论列表 (已完成) 获取获奖记录列表 (已完成) "},"src/01-login.html":{"url":"src/01-login.html","title":"登录","keywords":"","body":"登录 POST /capi.php c 1 请求参数 参数名 参数类型 参数说明 备注 username string 用户名 key1 string 登录key key1 = MD5( NEW_CHECKKEY_PRE+ username + pass ) from string 请求来源 web;phone;client 默认为web device_id string 设备id 默认为空 返回参数 参数名 参数类型 参数说明 备注 sid string session id id string 用户ID nickname string 昵称 username string 用户名 qq string qq email string email phone string 手机号 netcard string 上网卡 truename string 实名 idcard string 身份证 返回实例 { \"status\": 1, \"info\": \"\", \"data\": { \"sid\": \"anodstcp8rjtaebjhsoppvcm92\", \"id\": \"10030\", \"nickname\": \"游客1702151809256950\", \"username\": \"xiaoluobo\", \"qq\": \"\", \"email\": \"\", \"phone\": \"\", \"netcard\": \"\", \"truename\": \"\", \"idcard\": \"\" } } "},"src/03-register.html":{"url":"src/03-register.html","title":"注册账号","keywords":"","body":"注册账号 POST /capi.php c 3 请求参数 参数名 参数类型 参数说明 备注 username string 用户名 password string 密码 repassword string 密码 passtype int 加密方式 0;1 秘密是否加密1: 已经MD5后的密文 主要是给自己的应用使用的 0 : 使用 encrypt 方法加密 其中key 为 APP_KEY 前24位(合作方)(默认) from string 请求来源 web;phone;client 默认为web device_id string 设备id 默认为空 passtype password(密文passtype=1) = md5( check_pre + username +password(明文)) password(密文passtype=0) = encrypt(password(明文) , substr(APP_KEY,0,8)) 返回参数 参数名 参数类型 参数说明 备注 data object 用户数据 详细说明 code int 状态码 1 表示成功 message string 提示消息 data 参数名 参数类型 参数说明 备注 userid string 用户id nickname string 昵称 ssid string session id 返回实例 { \"status\": 1, \"info\": \"\", \"data\": { \"data\": { \"userid\": \"10033\", \"nickname\": \"游客1702160922171124\", \"ssid\": \"609755de78de2554955c17673faafd0b\", \"sstime\": 1487208137 }, \"code\": 1, \"message\": \"操作成功\" } } "},"src/04-send-sms.html":{"url":"src/04-send-sms.html","title":"发送手机短信","keywords":"","body":"发送手机短信 POST /capi.php c 4 请求参数 参数名 参数类型 参数说明 备注 type string 短信类型 login:登录验证 findpass:找回密码 reg:手机注册 bindphone:绑定手机 findpaypass:重置支付密码 cancelphone:取消手机绑定 userid string 用户ID 登录和找回密码,注册不需要 ssid string sessionID 登录和找回密码注册不需要 phone string 手机号 登录,找回密码,绑定手机,注册需要 返回参数 参数名 参数类型 参数说明 备注 code int 状态码 1 表示成功 message string 提示消息 返回实例 { \"data\": [], \"code\": 1, \"message\": \"操作成功\" } "},"src/05-register-by-phone.html":{"url":"src/05-register-by-phone.html","title":"手机注册","keywords":"","body":"手机注册 POST /capi.php c 5 请求参数 参数名 参数类型 参数说明 备注 phone string 手机号 code string 验证码 手机短信里面的验证码 repassword string 密码 passtype int 加密方式 0;1 秘密是否加密1: 已经MD5后的密文 主要是给自己的应用使用的 0 : 使用 encrypt 方法加密 其中key 为 APP_KEY 前24位(合作方)(默认) from string 请求来源 web;phone;client 默认为web device_id string 设备id 默认为空 passtype password(密文passtype=1) = md5( check_pre + username +password(明文)) password(密文passtype=0) = encrypt(password(明文) , substr(APP_KEY,0,8)) 返回参数 参数名 参数类型 参数说明 备注 data object 用户数据 详细说明 code int 状态码 1 表示成功 message string 提示消息 data 参数名 参数类型 参数说明 备注 userid string 用户id nickname string 昵称 ssid string session id 返回实例 { \"status\": 1, \"info\": \"\", \"data\": { \"data\": { \"userid\": \"10033\", \"nickname\": \"游客1702160922171124\", \"ssid\": \"609755de78de2554955c17673faafd0b\", \"sstime\": 1487208137 }, \"code\": 1, \"message\": \"操作成功\" } } "},"src/06-login-by-phone.html":{"url":"src/06-login-by-phone.html","title":"手机号登陆","keywords":"","body":"手机号登陆 POST /capi.php c 6 请求参数 参数名 参数类型 参数说明 备注 phone string 手机号 code string 验证码 手机短信里面的验证码 from string 请求来源 web;phone;client 默认为web device_id string 设备id 默认为空 返回参数 参数名 参数类型 参数说明 备注 sid string sessionid id string 用户id nickname string 昵称 qq string qq email string email phone string phone netcard string 上网卡 truename string 实名 idcard string 身份证 返回实例 { \"status\": 1, \"info\": \"\", \"data\": { \"sid\": \"anodstcp8rjtaebjhsoppvcm92\", \"id\": \"10034\", \"nickname\": \"游客1702160930299431\", \"username\": \"phone-15871750881\", \"qq\": \"\", \"email\": \"\", \"phone\": \"15871750881\", \"netcard\": \"\", \"truename\": \"\", \"idcard\": \"\" } } "},"src/07-phone-bind.html":{"url":"src/07-phone-bind.html","title":"用户手机号绑定","keywords":"","body":"用户手机号绑定 POST /capi.php c 7 请求参数 参数名 参数类型 参数说明 备注 sid string sessionid 登录成功后返回 id string 用户id 登录成功后返回 phone string 绑定的手机号 code string 发送的手机验证码 返回参数 参数名 参数类型 参数说明 备注 code int 状态 1表示操作成功 message string 提示信息 返回实例 { \"status\": 1, \"info\": \"\", \"data\": { \"data\": [], \"code\": 1, \"message\": \"操作成功\" } } "},"src/08-bind-identity-card.html":{"url":"src/08-bind-identity-card.html","title":"绑定身份证","keywords":"","body":"绑定身份证 POST /capi.php c 8 请求参数 参数名 参数类型 参数说明 备注 sid string sessionid 登录成功后返回 id string 用户id 登录成功后返回 truename string 真实姓名 idcard string 身份证号 返回参数 参数名 参数类型 参数说明 备注 code int 状态 1表示操作成功 message string 提示信息 返回实例 { \"status\": 1, \"info\": \"\", \"data\": { \"data\": [], \"code\": 1, \"message\": \"操作成功\" } } "},"src/09-modify-password.html":{"url":"src/09-modify-password.html","title":"修改登陆密码","keywords":"","body":"修改登陆密码 POST /capi.php c 9 请求参数 参数名 参数类型 参数说明 备注 sid string sessionid 登录成功后返回 id string 用户id 登录成功后返回 oldpass string 旧密码 MD5( NEW_CHECKKEY_PRE+ username + oldpass ) newpass string 新密码 MD5( NEW_CHECKKEY_PRE+ username + newpass ) 返回参数 参数名 参数类型 参数说明 备注 code int 状态 1表示操作成功 message string 提示信息 返回实例 { \"status\": 1, \"info\": \"\", \"data\": { \"data\": [], \"code\": 1, \"message\": \"操作成功\" } } "},"src/10-pay-password-set.html":{"url":"src/10-pay-password-set.html","title":"设置支付密码","keywords":"","body":"设置支付密码 POST /capi.php c 10 请求参数 参数名 参数类型 参数说明 备注 sid string sessionid 登录成功后返回 id string 用户id 登录成功后返回 paypwd string 支付密码 MD5( NEW_CHECKKEY_PRE+ username + paypwd) 返回参数 参数名 参数类型 参数说明 备注 code int 状态 1表示操作成功 message string 提示信息 返回实例 { \"status\": 1, \"info\": \"\", \"data\": { \"data\": [], \"code\": 1, \"message\": \"操作成功\" } } "},"src/11-find-password.html":{"url":"src/11-find-password.html","title":"找回密码","keywords":"","body":"找回密码 POST /capi.php c 11 请求参数 参数名 参数类型 参数说明 备注 phone string 手机号 code string 验证码 password string 新密码 MD5( NEW_CHECKKEY_PRE+ username + paypwd) 返回参数 参数名 参数类型 参数说明 备注 code int 状态 1表示操作成功 message string 提示信息 返回实例 { \"status\": 1, \"info\": \"\", \"data\": { \"data\": [], \"code\": 1, \"message\": \"操作成功\" } } "},"src/13-pay-password-verify.html":{"url":"src/13-pay-password-verify.html","title":"验证支付密码是否正确","keywords":"","body":"验证支付密码是否正确 POST /capi.php c 13 请求参数 参数名 参数类型 参数说明 备注 sid string sessionid id string 用户id paypwd string 支付密码 MD5( NEW_CHECKKEY_PRE+ username + paypwd) 返回参数 参数名 参数类型 参数说明 备注 code int 状态 1表示操作成功 message string 提示信息 返回实例 { \"status\": 1, \"info\": \"\", \"data\": { \"data\": [], \"code\": 1, \"message\": \"操作成功\" } } "},"src/130-add-feedback.html":{"url":"src/130-add-feedback.html","title":"提交意见反馈","keywords":"","body":"提交意见反馈 POST /capi.php c 130 v2.0 添加 请求参数 参数名 参数类型 参数说明 备注 sid string sessionid 登录成功后返回 id string 用户id 登录成功后返回 content string 意见反馈内容 contact string 联系方式 type int 反馈意见的类型 1 为APP的意见反馈，2 为领航网吧系统的意见反馈 APP固定返回为1 返回参数 返回实例 { \"status\": 1, \"info\": \"\", \"data\": \"操作成功\" } "},"src/131-get-system-infom-list.html":{"url":"src/131-get-system-infom-list.html","title":"获取系统通知消息列表","keywords":"","body":"获取系统通知消息列表 POST /capi.php c 131 v2.0 添加 请求参数 参数名 参数类型 参数说明 备注 sid string sessionid 登录成功后返回 id string 用户id 登录成功后返回 page int 页数 返回参数 参数名 参数类型 参数说明 备注 count int 未读消息总数 data object array 系统通知消息列表 data 参数名 参数类型 参数说明 备注 id int 系统通知的id type_id int 系统通知类型id type_name string 系统通知类型名称 title string 系统通知的标题 content string 系统通知的内容 time string 系统通知的发送时间 返回实例 { \"status\": 1, \"info\": \"\", \"data\": { \"count\": 1, \"data\" : [ { \"id\" : 1, \"type_id\" : 1, \"type_name\" : \"意见反馈\", \"title\" : \"意见反馈有回复啦\", \"content\" : \"就这样吧\", \"time\" : \"2017-05-14 20:00:00\" } ] } } "},"src/132-update-system-infom.html":{"url":"src/132-update-system-infom.html","title":"更新指定系统通知消息状态","keywords":"","body":"更新指定系统通知消息状态 POST /capi.php c 132 v2.0 添加 请求参数 参数名 参数类型 参数说明 备注 sid string sessionid 登录成功后返回 id string 用户id 登录成功后返回 system_infom_id int 系统通知消息id operation_id int 操作类型id 1 已读，2 删除 返回参数 返回实例 { \"status\": 1, \"info\": \"\", \"data\": \"操作成功\" } "},"src/133-get-system-message-set-list.html":{"url":"src/133-get-system-message-set-list.html","title":"获取系统推送配置界面配置列表","keywords":"","body":"获取系统推送配置界面配置列表 POST /capi.php c 133 v2.0 添加 请求参数 参数名 参数类型 参数说明 备注 sid string sessionid 登录成功后返回 id string 用户id 登录成功后返回 返回参数 参数名 参数类型 参数说明 备注 data object array 配置列表 data 参数名 参数类型 参数说明 备注 e_name string 配置选项的英文名称 c_name string 配置选项的中文名称 value int 配置选项对应的设置状态 1 开，0 关 返回实例 { \"status\": 1, \"info\": \"\", \"data\": [ { \"e_name\" : \"comment\", \"c_name\" : \"评论推送\", \"value\" : 1 } ] } "},"src/134-set-system-message-set.html":{"url":"src/134-set-system-message-set.html","title":"设置系统推送配置","keywords":"","body":"设置系统推送配置 POST /capi.php c 134 v2.0 添加 请求参数 参数名 参数类型 参数说明 备注 sid string sessionid 登录成功后返回 id string 用户id 登录成功后返回 type string 配置选项的英文名称 value int 配置选项的值 返回参数 data 返回实例 { \"status\": 1, \"info\": \"\", \"data\": \"操作成功\" } "},"src/135-get-privacy-setting-list.html":{"url":"src/135-get-privacy-setting-list.html","title":"获取隐私设置开关列表","keywords":"","body":"获取隐私设置开关列表 POST /capi.php c 135 v2.0 添加 请求参数 参数名 参数类型 参数说明 备注 sid string sessionid 登录成功后返回 id string 用户id 登录成功后返回 返回参数 参数名 参数类型 参数说明 备注 data object array 隐私设置配置列表 data 参数名 参数类型 参数说明 备注 e_name string 配置选项的英文名称 c_name string 配置选项的中文名称 value int 配置选项对应的设置状态 1 开，0 关 返回实例 { \"status\": 1, \"info\": \"\", \"data\": [ { \"e_name\" : \"no_wanjia\", \"c_name\" : \"不出现在\\\"玩家\\\"列表\", \"value\" : 1 } ] } "},"src/136-set-privacy-setting.html":{"url":"src/136-set-privacy-setting.html","title":"设置隐私设置","keywords":"","body":"设置隐私设置 POST /capi.php c 136 v2.0 添加 请求参数 参数名 参数类型 参数说明 备注 sid string sessionid 登录成功后返回 id string 用户id 登录成功后返回 type string 配置选项的英文名称 value int 配置选项的值 返回参数 返回实例 { \"status\": 1, \"info\": \"\", \"data\": \"操作成功\" } "},"src/137-get-comment-infom-list.html":{"url":"src/137-get-comment-infom-list.html","title":"获取留言通知消息列表","keywords":"","body":"获取留言通知消息列表 POST /capi.php c 137 v2.0 添加 请求参数 参数名 参数类型 参数说明 备注 sid string sessionid 登录成功后返回 id string 用户id 登录成功后返回 page string 消息页数 返回参数 参数名 参数类型 参数说明 备注 count int 未读消息总数 data object array 回复通知消息列表 data 参数名 参数类型 参数说明 备注 id int 回复通知的id reply_id int 被回复的评论id bar_id int 网吧id 当type为2的时候bar_id为0 type_id int 回复通知类型 1 点评回复，2 竞技游资讯回复 title string 回复通知的标题 content string 回复通知的内容 time string 回复通知的发送时间 返回实例 { \"status\": 1, \"info\": \"\", \"data\": { \"count\": 1, \"data\" : [ { \"id\" : 1, \"reply_id\" : 1, \"bar_id\" : 1, \"type_id\" : 1, \"title\" : \"XXX回复你啦\", \"content\" : \"就这样吧\", \"time\" : \"2017-05-14 20:00:00\", } ] } } "},"src/138-update-comment-infom.html":{"url":"src/138-update-comment-infom.html","title":"更新指定留言通知消息状态","keywords":"","body":"更新指定留言通知消息状态 POST /capi.php c 138 v2.0 添加 请求参数 参数名 参数类型 参数说明 备注 sid string sessionid 登录成功后返回 id string 用户id 登录成功后返回 comment_infom_id int 回复通知消息id operation_id int 操作id 1 更新，2 删除 返回参数 返回实例 { \"status\": 1, \"info\": \"\", \"data\": \"操作成功\" } "},"src/14-pay-password-reset.html":{"url":"src/14-pay-password-reset.html","title":"重置支付密码","keywords":"","body":"重置支付密码 POST /capi.php c 14 请求参数 参数名 参数类型 参数说明 备注 sid string sessionid 登录成功后返回 id string 用户id 登录成功后返回 phone string 手机号 code string 手机号验证码 paypwd string 支付密码 MD5( NEW_CHECKKEY_PRE+ username + paypwd) 返回参数 返回实例 { \"status\": 1, \"info\": \"\", \"data\": [] } "},"src/140-get-game-role-relative-data.html":{"url":"src/140-get-game-role-relative-data.html","title":"获取创建角色时相关数据","keywords":"","body":"获取创建角色时相关数据 POST /capi.php c 136 v2.0 添加 请求参数 参数名 参数类型 参数说明 备注 sid string sessionid 登录成功后返回 id string 用户id 登录成功后返回 game_id int 游戏的id 1 英雄联盟，2 守望先锋 返回参数 参数名 参数类型 参数说明 备注 count int 未读消息总数 data object array 游戏相关数据列表 data 参数名 参数类型 参数说明 备注 server_list object array 服务器列表 server_list 参数名 参数类型 参数说明 备注 id int 服务器id server_name string 服务器名称 返回实例 { \"status\": 1, \"info\": \"\", \"data\": { \"count\": 1, \"data\" : { \"server_list\" : [], } } } "},"src/141-bind-game-role-for-user.html":{"url":"src/141-bind-game-role-for-user.html","title":"绑定游戏角色","keywords":"","body":"绑定游戏角色 POST /capi.php c 141 v2.0 添加 请求参数 参数名 参数类型 参数说明 备注 sid string sessionid 登录成功后返回 id string 用户id 登录成功后返回 name string 游戏角色名称 game_id int 游戏id server_id int 服务器id 返回参数 返回实例 { \"status\": 1, \"info\": \"\", \"data\": \"操作成功\" } "},"src/142-unbind-game-role-for-user.html":{"url":"src/142-unbind-game-role-for-user.html","title":"删除游戏角色","keywords":"","body":"删除游戏角色 POST /capi.php c 142 v2.0 添加 请求参数 参数名 参数类型 参数说明 备注 sid string sessionid 登录成功后返回 id string 用户id 登录成功后返回 role_id int 游戏角色id 返回参数 返回实例 { \"status\": 1, \"info\": \"\", \"data\": \"操作成功\" } "},"src/143-update-game-role-for-user.html":{"url":"src/143-update-game-role-for-user.html","title":"更新游戏角色","keywords":"","body":"更新游戏角色 POST /capi.php c 143 v2.0 添加 请求参数 参数名 参数类型 参数说明 备注 sid string sessionid 登录成功后返回 id string 用户id 登录成功后返回 role_id int 游戏角色id name string 游戏角色名称 game_id int 游戏id server_id int 服务器id 返回参数 返回实例 { \"status\": 1, \"info\": \"\", \"data\": \"操作成功\" } "},"src/144-get-user-game-role-list.html":{"url":"src/144-get-user-game-role-list.html","title":"获取游戏角色列表","keywords":"","body":"获取游戏角色列表 POST /capi.php c 144 v2.0 添加 请求参数 参数名 参数类型 参数说明 备注 sid string sessionid 登录成功后返回 id string 用户id 登录成功后返回 flag boolean 刷新标识 是否需要刷新 true 是，false 不是。默认为false 返回参数 参数名 参数类型 参数说明 备注 data object array 游戏角色列表 data 参数名 参数类型 参数说明 备注 id int 游戏角色id role_name string 游戏角色名称 role_server string 游戏角色所属服务器名称 role_server_id int 游戏角色所属服务器id role_level string 游戏角色等级名称 role_game string 游戏角色所属游戏名称 role_game_id int 游戏角色所属游戏id is_true int 角色信息是否被认证 1 未认证，2 认证 返回实例 { \"status\": 1, \"info\": \"\", \"data\": [ { \"id\" : 1, \"role_name\" : \"刀剑丶剑非刀\", \"role_server\" : \"艾欧尼亚\", \"role_server_id\" : 1, \"role_level\" : \"青铜V\", \"role_game\" : \"英雄联盟\", \"role_game_id\" : 1, \"is_true\" : 0, } ] } "},"src/146-no-comment-list.html":{"url":"src/146-no-comment-list.html","title":"获取待评论列表","keywords":"","body":"获取待评论列表 POST /capi.php c 146 v2.0 添加 请求参数 参数名 参数类型 参数说明 备注 sid string sessionid 登录成功后返回 id string 用户id 登录成功后返回 page int 页数 返回参数 参数名 参数类型 参数说明 备注 data object array 待回复列表 data 参数名 参数类型 参数说明 备注 barid int 网吧id name string 网吧名称 logo string 游戏角色所属游戏id online_time string 上网时间 返回实例 { \"status\": 1, \"info\": \"\", \"data\": [ { \"barid\" : 1, \"name\" : \"沸腾网吧\", \"logo\" : \"http://img.wwwscn.com/logo/sys/netbar_logo.png\", \"online_time\" : \"2017-05-12 18:00:00\", } ] } "},"src/147-comment-list.html":{"url":"src/147-comment-list.html","title":"获取已评论列表","keywords":"","body":"获取已评论列表 POST /capi.php c 147 v2.0 添加 请求参数 参数名 参数类型 参数说明 备注 sid string sessionid 登录成功后返回 id string 用户id 登录成功后返回 page int 页数 返回参数 参数名 参数类型 参数说明 备注 data object array 待回复列表 data 参数名 参数类型 参数说明 备注 id int 评论id bar_name string 网吧名称 addtime string 评论时间 score float 评分 status int 评论状态 1 正常，2 被警告 images string array 图片列表 reply_number int 总回复数 reply_list object array 回复列表 reply_list 参数名 参数类型 参数说明 备注 id int 回复id addtime string 回复时间 username string 回复者名称 userid int 回复者id content string 回复内容 返回实例 { \"status\": 1, \"info\": \"\", \"data\": [ { \"id\" : 1, \"bar_name\" : \"沸腾网吧\", \"addtime\" : \"2017-05-12 18:00:00\", \"content\" : \"这家网吧真好\", \"images\" : {\"http://img.wwwscn.com/logo/sys/netbar_logo.png\", \"http://img.wwwscn.com/logo/sys/netbar_logo.png\"}, \"status\" : 1, \"reply_number\" : 0, \"reply_list\" : [ { \"id\" : 1, \"addtime\" : \"2017-05-12 18:00:00\", \"username\" : \"我是侠者\", \"userid\" : 10524, \"content\" : \"这个评论真水\", } ], } ] } "},"src/148-get-cash-history-list.html":{"url":"src/148-get-cash-history-list.html","title":"获取获奖记录列表","keywords":"","body":"获取获奖记录列表 POST /capi.php c 148 v2.0 添加 请求参数 参数名 参数类型 参数说明 备注 sid string sessionid 登录成功后返回 id string 用户id 登录成功后返回 bar_id int 网吧id page int 页数 返回参数 参数名 参数类型 参数说明 备注 data object array 获奖记录列表 data 参数名 参数类型 参数说明 备注 id int 获奖记录id type_name string 活动名称 product_name string 奖品名称 addtime string 获奖时间 status string 领取状态 ex_code string 兑换码 返回实例 { \"status\": 1, \"info\": \"\", \"data\": [ { \"id\" : 1, \"type_name\" : \"红包\", \"product_name\" : \"7元网费\", \"addtime\" : \"2017-05-12 14:00\", \"status\" : \"已领取\", \"ex_code\" : \"6Z3SLH\" } ] } "},"src/15-phone-unbind.html":{"url":"src/15-phone-unbind.html","title":"取消手机号绑定","keywords":"","body":"取消手机号绑定 POST /capi.php c 15 请求参数 参数名 参数类型 参数说明 备注 sid string sessionid 登录成功后返回 id string 用户id 登录成功后返回 code string 手机号验证码 返回参数 参数名 参数类型 参数说明 备注 code int 状态 1表示操作成功 message string 提示信息 返回实例 { \"status\": 1, \"info\": \"\", \"data\": { \"data\": [], \"code\": 1, \"message\": \"操作成功\" } } "},"src/16-autokey-login.html":{"url":"src/16-autokey-login.html","title":"自动登陆","keywords":"","body":"自动登陆 POST /capi.php c 16 请求参数 参数名 参数类型 参数说明 备注 userid int 用户id autokey string 自动登陆表示 登陆成功后返回的 device_id string 设备id 返回参数 参数名 参数类型 参数说明 备注 返回实例 { \"status\":1, \"info\":\"\", \"data\":{ \"haspaypass\":0, \"sid\":\"r9gj4drdiks8rm554do5lhsge3\", \"id\":10585, \"nickname\":\"疯癫的菇凉666\", \"username\":\"phone:13452018301\", \"qq\":\"\", \"email\":\"\", \"phone\":\"13452018301\", \"netcard\":\"510225123456789\", \"truename\":\"\", \"idcard\":\"\", \"device_id\":\"1234567\", \"ip\":\"192.168.2.196\", \"autoKey\":\"Da+RAr9jwx8e2DNzDCv\\/HJyb5NIjr5KVaUy5GFSLmlOmymg6wC3s3RAlG\\/7LJJpT9Q+bmxicihceVSOjQ2lv4D8q21Rw9gVY6P6rXfHkae1R7IFtcw2fYATS\\/Kf87gbi\", \"atte_barid\":\"\", \"lastbarid_detail\":\"1\" } } "},"src/17-checkpone.html":{"url":"src/17-checkpone.html","title":"注册手机账号或者绑定手机号时验证","keywords":"","body":"注册手机账号或者绑定手机号时验证 POST /capi.php c 17 请求参数 参数名 参数类型 参数说明 备注 phone string 手机号 返回参数 参数名 参数类型 参数说明 备注 返回实例 { \"status\": 1, \"info\": \"\", \"data\": \"您好，该手机号可以使用\" } "},"src/21-reserve-confirm.html":{"url":"src/21-reserve-confirm.html","title":"确认订座订单","keywords":"","body":"确认订座订单 POST /capi.php c 21 请求参数 参数名 参数类型 参数说明 备注 sid string sessionid 登录成功后返回 id string 用户id 登录成功后返回 reserve_id string 订座订单id reserve_min int 需要预定多长时间 单位：秒 phone string 预定的手机号 返回参数 参数名 参数类型 参数说明 备注 reserve_id int 订座订单id reserve_min int 需要预定多长时间 单位：秒 reserve_money int 押金 单位：分 phone string 订座时留的手机号 gotime int 预定到的时间时间时间戳 返回实例 { \"status\": 1, \"info\": \"\", \"data\": { \"reserve_id\": 5, \"reserve_min\": 7200, \"reserve_money\": 900, \"phone\": \"15871790230\", \"gotime\": 1490794086 } } "},"src/22-reserve-cancel.html":{"url":"src/22-reserve-cancel.html","title":"取消订座订单","keywords":"","body":"取消订座订单 POST /capi.php c 22 请求参数 参数名 参数类型 参数说明 备注 sid string sessionid 登录成功后返回 id string 用户id 登录成功后返回 reserve_id string 订座订单id 返回参数 参数名 参数类型 参数说明 备注 sid string sessionid 登录成功后返回 id string 用户id 登录成功后返回 reserve_id string 订座订单id 返回实例 { \"status\": 1, \"info\": \"\", \"data\": { \"id\": \"10033\", \"sid\": \"rm5nuvcvtsv8on2bsovuso94r3\", \"reserve_id\": \"5\" } } "},"src/23-reserve-pay.html":{"url":"src/23-reserve-pay.html","title":"支付订座订单","keywords":"","body":"支付订座订单 POST /capi.php c 23 请求参数 参数名 参数类型 参数说明 备注 sid string sessionid 登录成功后返回 id string 用户id 登录成功后返回 payid int 支付方式 5，领航币支付 11， 支付宝支付， 4： 微信支付 reserve_id string 订座订单id 返回参数 参数名 参数类型 参数说明 备注 reserve_id string 订座订单id orderid string 订单单号 payid int 支付方式 5，领航币支付 11， 支付宝支付， 4： 微信支付 url string 支付宝等跳转页面 subject string 操作项目 body string 操作说明 price string 支付金额，单位分 返回实例 { \"status\": 1, \"info\": \"\", \"data\": { \"reserve_id \": \"20\", \"orderid\": \"g1_20170330101551537200\", \"url\": \"http://127.0.0.1\", \"payid\": \"11\", \"subject\": \"在线订座\", \"body\": \"2017-03-30 10:15:51在线订座,消费:0.01元\", \"price\": 900 } } "},"src/24-reserve-extend.html":{"url":"src/24-reserve-extend.html","title":"延长订座时间","keywords":"","body":"延长订座时间 POST /capi.php c 24 请求参数 参数名 参数类型 参数说明 备注 sid string sessionid 登录成功后返回 id string 用户id 登录成功后返回 reserve_id string 订座订单id ext_time string 延长的时间 单位秒 payid string 支付方式 11：支付宝 4： 微信 5：领航币 返回参数 参数名 参数类型 参数说明 备注 reserve_id string 订座订单id orderid string 订单单号 payid int 支付方式 5： 领航币 11： 支付宝 4： 微信 url string 支付宝等跳转页面 subject string 操作模块 body string 支付说明 price string 支付金额，单位分 返回实例 { \"status\": 1, \"info\": \"\", \"data\": { \"res_id\": \"20\", \"orderid\": \"g1_20170330101551537200\", \"url\": \"http://127.0.0.1\", \"payid\": \"11\", \"subject\": \"在线订座\", \"body\": \"2017-03-30 10:15:51在线订座,消费:0.01元\", \"price\": 1000 } } "},"src/25-bar-select-seat.html":{"url":"src/25-bar-select-seat.html","title":"确认选座","keywords":"","body":"确认选座 POST /capi.php c 25 请求参数 参数名 参数类型 参数说明 备注 sid string sessionid 登录成功后返回 id string 用户id 登录成功后返回 client_id string 客户机编号id barid string 需要订座的网吧id 返回参数 参数名 参数类型 参数说明 备注 reserve_id int 订座订单编号id 返回实例 { \"status\": 1, \"info\": \"\", \"data\": { \"reserve_id \": \"8\" } } "},"src/26-reserve-number.html":{"url":"src/26-reserve-number.html","title":"用户当天订座次数","keywords":"","body":"用户当天订座次数 POST /capi.php c 26 请求参数 参数名 参数类型 参数说明 备注 sid string sessionid 登录成功后返回 id string 用户id 登录成功后返回 返回参数 参数名 参数类型 参数说明 备注 data int 用户当天订座次数 返回实例 { \"status\": 1, \"info\": \"\", \"data\": \"3\" } "},"src/27-reserve-delete.html":{"url":"src/27-reserve-delete.html","title":"订座订单超时后删除订单","keywords":"","body":"订座订单超时后删除订单 POST /capi.php c 27 请求参数 参数名 参数类型 参数说明 备注 sid string sessionid 登录成功后返回 id string 用户id 登录成功后返回 reserve_id string 超时的订座订单id 返回参数 返回实例 { \"status\": 1, \"info\": \"\", \"data\": { \"id\": \"10319\", \"sid\": \"ddvq33qrrai09tj1pd2so9dng1\", \"reserve_id\": 763 } } "},"src/28-reserve-getstatus.html":{"url":"src/28-reserve-getstatus.html","title":"确定确定选座锁屏是否成功","keywords":"","body":"确定确定选座锁屏是否成功 POST /capi.php c 28 请求参数 参数名 参数类型 参数说明 备注 sid string sessionid 登录成功后返回 id string 用户id 登录成功后返回 reserve_id string 订座订单编号id sendnum string 秒数，以1开始 返回参数 参数名 参数类型 参数说明 备注 reserve_id int 订座订单编号id price int 所有的客户机一小时多少前，单位分 overtime_res 锁屏成功后的超时时间，也是支付超时 barname string 订座的网吧名 reserve_time string 订座时间 返回实例 { \"status\": 1, \"info\": \"\", \"data\": { \"reserve_id \": \"8\", \"price \": \"900\", \"overtime_res \": \"600\", \"barname \": \"小罗测试\", \"reserve_time \": \"1495532635\" } } "},"src/31-modify-avatar.html":{"url":"src/31-modify-avatar.html","title":"修改用户头像","keywords":"","body":"修改用户头像 POST /capi.php c 31 请求参数 参数名 参数类型 参数说明 备注 sid string sessionid 登录成功后返回 id string 用户id 登录成功后返回 faceid string 用户头像的编号 返回参数 参数名 参数类型 参数说明 备注 data string 提示信息 返回实例 { \"status\": 1, \"info\": \"\", \"data\": \"操作成功\" } "},"src/32-modify-nickname.html":{"url":"src/32-modify-nickname.html","title":"修改用户昵称","keywords":"","body":"修改用户昵称 POST /capi.php c 32 请求参数 参数名 参数类型 参数说明 备注 sid string sessionid 登录成功后返回 id string 用户id 登录成功后返回 nickname string 新昵称 返回参数 参数名 参数类型 参数说明 备注 data string 提示信息 返回实例 { \"status\": 1, \"info\": \"\", \"data\": \"操作成功\" } "},"src/33-user-avatars.html":{"url":"src/33-user-avatars.html","title":"用户的所有头像","keywords":"","body":"用户的所有头像 POST /capi.php c 33 请求参数 参数名 参数类型 参数说明 备注 sid string sessionid 登录成功后返回 id string 用户id 登录成功后返回 返回参数 参数名 参数类型 参数说明 备注 data string 头像列表 返回实例 { \"status\": 1, \"info\": \"\", \"data\": [ \"http://192.168.2.196/Upload/face/sys/0.jpg\", \"http://192.168.2.196/Upload/face/sys/1.jpg\", \"http://192.168.2.196/Upload/face/sys/2.jpg\", \"http://192.168.2.196/Upload/face/sys/3.jpg\", \"http://192.168.2.196/Upload/face/sys/4.jpg\", \"http://192.168.2.196/Upload/face/sys/5.jpg\", \"http://192.168.2.196/Upload/face/sys/6.jpg\", \"http://192.168.2.196/Upload/face/sys/7.jpg\", \"http://192.168.2.196/Upload/face/sys/8.jpg\", \"http://192.168.2.196/Upload/face/sys/9.jpg\", \"http://192.168.2.196/Upload/face/sys/10.jpg\", \"http://192.168.2.196/Upload/face/sys/11.jpg\", \"http://192.168.2.196/Upload/face/sys/12.jpg\", \"http://192.168.2.196/Upload/face/sys/13.jpg\", \"http://192.168.2.196/Upload/face/sys/14.jpg\", \"http://192.168.2.196/Upload/face/sys/15.jpg\", \"http://192.168.2.196/Upload/face/sys/16.jpg\", \"http://192.168.2.196/Upload/face/sys/17.jpg\", \"http://192.168.2.196/Upload/face/sys/18.jpg\", \"http://192.168.2.196/Upload/face/sys/19.jpg\", \"http://192.168.2.196/Upload/face/sys/20.jpg\" ] } "},"src/34-mine.html":{"url":"src/34-mine.html","title":"我的界面","keywords":"","body":"我的界面 POST /capi.php c 34 v2.0 新接口 c 145 请求参数 参数名 参数类型 参数说明 备注 sid string sessionid 登录成功后返回 id string 用户id 登录成功后返回 返回参数 参数名 参数类型 参数说明 备注 nickname string 昵称 face string 头像 头像url yue string 余额 msgstatus int 消息状态 0: 当前没有未读消息，1： 当前有未读消息 commentstatus int 我的点评 0: 当前没有新的回复或待点评，1： 当前有新的回复或待点评 orderstatus int 订单状态 0: 当前没有新的订单，1： 当前有未结束的订座订单 awardstatus int 获奖状态 0: 当前没有新的获奖信息，1： 当前有新的获奖信息 返回实例 { \"status\": 1, \"info\": \"\", \"data\": { \"id\": \"10033\", \"nickname\": \"fdsfds\", \"face\": \"http://192.168.2.196/Upload/face/sys/5.jpg\", \"yue\":\"22.5\", \"msgstatus\": 0, \"commentstatus\": 0, \"orderstatus\": 1, \"awardstatus\": 1 } } "},"src/35-my-orders.html":{"url":"src/35-my-orders.html","title":"我的订单列表","keywords":"","body":"我的订单列表 POST /capi.php c 35 请求参数 参数名 参数类型 参数说明 备注 sid string sessionid 登录成功后返回 id string 用户id 登录成功后返回 page int 分页页码 status int 订单类型 1： 订座订单数据 2： 游戏充值等其他订单数据 订座订单数据 返回参数 参数名 参数类型 参数说明 备注 reserve_id string 订座订单id client_id string 订座客户机id uid string 用户id phone string 电话 reserve_time int 订座时间 reserve_min int 订座时长 单位：秒 reserve_money int 预定金额 单位：分 gotime int 预定到什么时间 barid int 预定的网吧id status int 预定状态 paystatus int 支付状态 endtime int 订单完成时间 orderid int 订单id r_orderid int 订单编号 client_code string 预定的客户机编号 paytime int 支付时间 barname string 预定的网吧名称 flag int 状态 1：预定成功，并以付款， 2：已预定，未支付 -1：订单测地完成 -5：订单彻底取消 0：订单正在取消 -4：订单超时 order_type int 订单类别 1： 订座订单 2： 游戏等其他充值类型 返回实例 { \"status\": 1, \"info\": \"\", \"data\": [ { \"client_id\" : 153 \"uid\" : 10430 \"phone\" : 15871770893 \"reserve_time\" : 1495591650 \"reserve_min\" : 3600 \"reserve_money\" : 300 \"barid\" : 119 \"status\" : 1 \"paystatus\" : 1 \"gotime\" : 1495595278 \"orderid\" : 2593 \"endtime\" : 1495541994 \"r_orderid\": g119_20170524100809815045 \"client_code\" : a05 \"paytime\" : 1495591689 \"barname\" : 小罗测试 \"reserve_id\" : 26 \"flag\" :1 \"order_type\" : 1 } ] } 游戏充值等其他订单 返回参数 参数名 参数类型 参数说明 备注 recharge_id string 游戏订单编号 flag int 订单状态 1:订单完成 2： 订单完成中 3：订单未支付 -1：订单取消 extdes string 订单详细 游戏大区，账号等 g_orderid int 订单编号 endtime int 订单完成时间 money int 订单消费金额 单位分 buynum int 购买数量 addtime int 订单创建时间 order_type int 订单类型 1 订座订单，2 游戏充值或其他 返回实例 { \"status\": 1, \"info\": \"\", \"data\": [ { \"flag\": 2, \"order_type\": 2, \"extdes\": { \"chargegame\": \"完美世界\", \"chargeregion\": \"完美世界\", \"chargeserver\": \"\", \"chargetype\": \"\" }, \"status\": \"0\", \"haspay\": \"2\", \"g_orderid\": \"g1_20170326100028551428\", \"endtime\": \"1490493628\", \"account\": \"王企鹅期望\", \"money\": \"27000\", \"createtime\": \"1490493628\", \"buynum\": \"9\" }, { \"flag\": 2, \"order_type\": 2, \"extdes\": \"\", \"status\": \"0\", \"haspay\": \"2\", \"g_orderid\": \"g0_20170328195726549368\", \"endtime\": \"1490702246\", \"account\": \"21346\", \"money\": \"1000\", \"createtime\": \"1490702246\", \"buynum\": \"10\" } ] } "},"src/36-order-detail.html":{"url":"src/36-order-detail.html","title":"订单详情","keywords":"","body":"订单详情 POST /capi.php c 36 请求参数 参数名 参数类型 参数说明 备注 sid string sessionid 登录成功后返回 id string 用户id 登录成功后返回 order_type int 订单类型 1： 订座订单详情， 2： 充值或者其他订单详情（从我的订单界面取，或者直接写死） order_id int 订单id 订座订单的id或者游戏充值或其他的订单id 订座订单详情 order_id = 1 返回参数 参数名 参数类型 参数说明 备注 client_code string 客户机编号 phone string 订座的手机号 reserve_time int 订座时的时间戳 reserve_min int 订座时长 单位秒 reserve_money int 订座所需支付押金 单位分 barname string 网吧名 返回实例 { \"status\": 1, \"info\": \"\", \"data\": { \"id\": \"4\", \"client_id\": \"19,22\", \"uid\": \"10040\", \"phone\": \"15871750893\", \"reserve_time\": \"1487387333\", \"reserve_min\": \"120\", \"reserve_money\": \"35\", \"barid\": \"1\", \"status\": \"0\", \"gotime\": \"0\", \"orderid\": \"708\", \"overtime\": \"0\", \"endtime\": \"0\", \"barname\": \"红牛网吧\", \"client_code\": \"a012,a015\" } } 充值或者其他 order_id = 2 返回参数 参数名 参数类型 参数说明 备注 extdes string 订单详细 游戏大区，账号等 money int 消费金额 单位分 addtime int 创建时间 返回实例 { \"status\": 1, \"info\": \"\", \"data\": { \"id\": \"79\", \"orderid\": \"600\", \"userid\": \"10039\", \"money\": \"10000\", \"buynum\": \"100\", \"addtime\": \"1488870516\", \"endtime\": \"0\", \"haspay\": \"2\", \"status\": \"2\", \"goods_name\": \"腾讯-Q币①（5元起提交充值）\", \"extdes\": \"\" } } "},"src/41-flow-detail.html":{"url":"src/41-flow-detail.html","title":"收入支出详情","keywords":"","body":"收入支出详情 POST /capi.php c 41 请求参数 参数名 参数类型 参数说明 备注 sid string sessionid 登录成功后返回 id string 用户id 登录成功后返回 type int 流水类型 0：全部，收入与支出，1：支出，2：收入 返回参数 参数名 参数类型 参数说明 备注 data object array 流水记录列表 coin int 用户当前余额 data 参数名 参数类型 参数说明 备注 id string 流水记录id orderid string 流水对应的订单号 type string 收支状态 1 支出，2 收入 flow_money string 流水金额 分为单位 user_money string 用户余额 分为单位 flow_type string 流水类型 0:直接充钱领航币 1:兑换商品 2:购买商品 3:游戏充值 4购买短信, 5购买vip 6:网吧充值领航币 7网吧游戏充值准备金，8在线订座,9领航1.0支付,10一元云购,11木头购买,12:网费充值 13快捷收款 14 LOL活动 desc string 流水说明 create_time string 流水日期 返回实例 { \"status\": 1, \"info\": \"\", \"data\": { \"data\" : [ { \"id\": \"1\", \"orderid\": \"1488802598\", \"type\": \"1\", \"flow_money\": \"1000\", \"user_money\": \"1000\", \"flow_type\": \"1\", \"desc\": \"购买商品\", \"create_time\": \"2017-03-06\" } ], \"coin\" : \"1000\" } } "},"src/42-game-order-pay.html":{"url":"src/42-game-order-pay.html","title":"游戏订单确认支付","keywords":"","body":"游戏订单确认支付 POST /capi.php c 42 请求参数 参数名 参数类型 参数说明 备注 sid string sessionid 登录成功后返回 id string 用户id 登录成功后返回 recharge_id int 游戏订单id payid int 支付方式 11，支付宝支付，4，微信支付，5，领航币支付 返回参数 参数名 参数类型 参数说明 备注 games_id string 订座订单id orderid string 订单单号 payid int 支付方式 11，支付宝支付，4，微信支付，5，领航币支付 url string 支付宝等跳转页面 subject string 提示 parice int 需要支付的价格 单位：分 返回实例 { \"status\": 1, \"info\": \"\", \"data\": { \"res_id\": \"20\", \"orderid\": \"g1_20170330101551537200\", \"url\": \"http://127.0.0.1\", \"payid\": \"11\", \"subject\": \"在线订座\", \"body\": \"2017-03-30 10:15:51在线订座,消费:0.01元\", \"price\": 1 } } "},"src/43-game-order-cancel.html":{"url":"src/43-game-order-cancel.html","title":"取消游戏订单","keywords":"","body":"取消游戏订单 POST /capi.php c 43 请求参数 参数名 参数类型 参数说明 备注 sid string sessionid 登录成功后返回 id string 用户id 登录成功后返回 recharge_id int 游戏订单id 返回参数 参数名 参数类型 参数说明 备注 recharge_id string 游戏订单id 返回实例 { \"status\": 1, \"info\": \"\", \"data\": { \"recharge_id\": \"2\" } } "},"src/44-order-delete.html":{"url":"src/44-order-delete.html","title":"删除订单","keywords":"","body":"删除订单 POST /capi.php c 44 说明 主要是不给用户显示，只有订单是已完成的状态才能删除 请求参数 参数名 参数类型 参数说明 备注 sid string sessionid 登录成功后返回 id string 用户id 登录成功后返回 order_type int 订单类型 1： 在线订座 2： 游戏充值 order_id int 订单id 订座订单的id或者游戏充值或其他的订单id 返回实例 { \"status\": 1, \"info\": \"\", \"data\": { \"id\": 10367, \"sid\": \"ddvq33qrrai09tj1pd2so9dng1\", \"order_type\": \"1\", \"order_id\": 18 } } "},"src/51-bar-search.html":{"url":"src/51-bar-search.html","title":"地区、网吧名搜索","keywords":"","body":"地区、网吧名搜索 POST /capi.php c 51 v2.0 更新 请求参数 参数名 参数类型 参数说明 备注 page int 传递第几页 默认显示第一页，从1开始算起 citycode string 区域id longitude string 经度 latitude string 纬度 name(可选) string 网吧名 如果没有传递 则默认是区域内网吧 type(地图时传递) int 1:地图时使用 distance(type=1时) string 距离，直接为数字，单位:千米 返回参数 参数名 参数类型 参数说明 备注 netbar_point string 网吧评分，主要用于星星 barcode string 网吧编号 hot_level int 网吧热度 99：普通，1：一级二度，2：二级二度 regtime int 注册时间 logo string 网吧logo图标 barimg string 网吧图片 address string 网吧地址 name string 网吧名 l_charges string 最低资费 如果是999999 则表示该网吧没有设置最低资费 h_charges string 最高资费 如果是0， 则表示该网吧没有设置最高资费 longitude string 经度 latitude string 纬度 distance string 距离 unit_charges string 资费 is_newshop int 是否新店，0:不是，1：是 has_reserve int 是否开启在线订座 0：没有，1：开启 is_chain int 是否连锁，0：不是，1：是 连锁下超过两家网吧为连锁 has_active int 是否有优惠，0：没有，1：有 barid int 网吧id netbar_point string 网吧评分 返回实例 { \"status\": 1, \"info\": \"\", \"total_num\": \"35\", \"data\": [ { \"name\": \"红牛网吧\", \"netbar_point\": 0, \"comment_number\": \"144\", \"barcode\": \"42010200005\", \"address\": \"光谷创意产业基地\", \"hot_level\": \"1\", \"regtime\": \"0\", \"l_charges\": \"100\", \"h_charges\": \"1200\", \"logo\": \"http://192.168.2.196/Upload/logo/sys/netbar_logo.png\", \"barimg\": [ \"http://192.168.2.196/Upload/barimg/20170519/591e58f8dee12.jpg\", \"http://192.168.2.196/Upload/barimg/20170519/591e58f906e69.jpg\", \"http://192.168.2.196/Upload/barimg/20170519/591e6ae131039.jpg\" ], \"longitude\": \"114.409555\", \"latitude\": \"30.482552\", \"distance\": \"117m\", \"is_newshop\": 0, \"has_reserve\": 1, \"is_chain\": 1, \"has_active\": 1, \"unit_charges\": \"1-12\", \"barid\": \"1\", \"tags\": [ \"在线订座\", \"连锁\", \"有优惠\" ] }, { \"name\": \"光谷创意基地\", \"netbar_point\": 0, \"comment_number\": \"0\", \"barcode\": \"42011100012\", \"address\": \"光谷创意基地\", \"hot_level\": \"99\", \"regtime\": \"1483496765\", \"l_charges\": \"2\", \"h_charges\": \"3\", \"logo\": \"http://192.168.2.196/Upload/logo/58f1e3027a7aa.jpg\", \"barimg\": \"\", \"longitude\": \"114.409904\", \"latitude\": \"30.48583\", \"distance\": \"338m\", \"is_newshop\": 1, \"has_reserve\": 1, \"is_chain\": 1, \"has_active\": 0, \"unit_charges\": \"0.02-0.03\", \"barid\": \"23\", \"tags\": [ \"新店\", \"在线订座\", \"连锁\" ] }, ] } "},"src/52-bar-filter.html":{"url":"src/52-bar-filter.html","title":"网吧附近、智能排序、筛选","keywords":"","body":"网吧附近、智能排序、筛选 POST /capi.php c 52 v2.0 更新说明 返回参数 添加 score phone_number tags 请求参数 参数名 参数类型 参数说明 备注 page int 传递第几页 默认显示第一页，从1开始算起 citycode string 区域id longitude string 经度 latitude string 纬度 distance string 距离 sort_type(可选) int 智能排序 1：离我最近，2：评分最高，3：活动最多，4：热度最高，5：费用最低，6：费用最高 price（可选） int 筛选里面的费用查询 只有一个确定值时 price_type int 价格类型 1：以上，2：价格以下 l_price（可选） int 筛选里面的费用查询 用于范围价格查询时的最低价格 h_price int 筛选里面的费用查询 用于范围价格查询时的最高价格 more_select（可选） int 筛选里面的更多查询 有多个时使用英文逗号分隔，只能是 is_new：新店 ，h_reservation：可在线订座，h_promotion：有促销，h_wat_bar：有水吧，h_park：有停车场，is_shop：营业中 （more_select = 'is_new' 或者 more_select = 'is_new,h_reservation'） 备注（重要）： 当存在 price时，必须含有price_type,不能含有l_price与h_price 当存在l_price时，必须含有h_price,不能含有price与price_type 返回参数 参数名 参数类型 参数说明 备注 barid string 网吧id barcode string 网吧编号 barimg string 网吧图标 address string 网吧地址 name string 网吧名 l_charges string 最低资费 如果是999999 则表示该网吧没有设置最低资费 h_charges string 最高资费 如果是0， 则表示该网吧没有设置最高资费 longitude string 经度 latitude string 纬度 distance string 距离 unit_charges string 资费 score string 评分 phone_number string 联系电话 tags string array 标签 netbar_point string 网吧评分 返回实例 { \"status\": 1, \"info\": \"\", \"total_num\": \"35\", \"data\": [ { \"name\": \"红牛网吧\", \"barcode\": \"42010200005\", \"netbar_point\": 0, \"barimg\": [ \"http://192.168.2.196/Upload/barimg/20170519/591e58f8dee12.jpg\", \"http://192.168.2.196/Upload/barimg/20170519/591e58f906e69.jpg\", \"http://192.168.2.196/Upload/barimg/20170519/591e6ae131039.jpg\" ], \"comment_number\": \"144\", \"hot_level\": \"1\", \"address\": \"光谷创意产业基地\", \"charges\": \"1.5韩国海军\", \"logo\": \"http://192.168.2.196/Upload/logo/sys/netbar_logo.png\", \"l_charges\": \"100\", \"h_charges\": \"1200\", \"longitude\": \"114.409555\", \"latitude\": \"30.482552\", \"distance\": \"117m\", \"is_newshop\": 0, \"has_reserve\": 1, \"is_chain\": 1, \"has_active\": 1, \"unit_charges\": \"1-12\", \"barid\": \"1\", \"tags\": [ \"在线订座\", \"连锁\", \"有优惠\" ] }, { \"name\": \"光谷创意基地\", \"barcode\": \"42011100012\", \"netbar_point\": 0, \"barimg\": \"\", \"comment_number\": \"0\", \"hot_level\": \"99\", \"address\": \"光谷创意基地\", \"charges\": \"5\", \"logo\": \"http://192.168.2.196/Upload/logo/58f1e3027a7aa.jpg\", \"l_charges\": \"2\", \"h_charges\": \"3\", \"longitude\": \"114.409904\", \"latitude\": \"30.48583\", \"distance\": \"338m\", \"is_newshop\": 0, \"has_reserve\": 1, \"is_chain\": 1, \"has_active\": 0, \"unit_charges\": \"0.02-0.03\", \"barid\": \"23\", \"tags\": [ \"在线订座\", \"连锁\" ] }, ] } "},"src/53-bar-activity-detail.html":{"url":"src/53-bar-activity-detail.html","title":"网吧活动详情","keywords":"","body":"网吧活动详情 POST /capi.php c 53 v2.0 更新 请求参数 添加 sid id 返回参数 添加 followed score activities 请求参数 参数名 参数类型 参数说明 备注 sid string sessionid 登录成功后返回 id string 用户id 登录成功后返回 barid int 网吧id 返回参数 参数名 参数类型 参数说明 备注 barid string 网吧id barcode string 网吧编号 barimg string 网吧图标 address string 网吧地址 name string 网吧名 l_charges string 最低资费 如果是999999 则表示该网吧没有设置最低资费 h_charges string 最高资费 如果是0， 则表示该网吧没有设置最高资费 longitude string 经度 latitude string 纬度 distance string 距离 unit_charges string 资费 num int 机器台数 tel_bar string 吧台电话 vip int 是否为 vip 网吧 1,是vip网吧 viptime int vip 到期时间戳 followed int 是否已关注 0(默认):未关注，1:已关注 score string 评分 activities object array 优惠活动列表 详细说明 activity 参数名 参数类型 参数说明 备注 id string 优惠活动id 返回实例 { \"status\": 1, \"info\": \"\", \"data\": { \"barcode\": \"42010200005\", \"l_charges\": \"3\", \"h_charges\": \"0\", \"longitude\": \"\", \"latitude\": \"\", \"name\": \"红牛网吧\", \"barimg\": [ \"\" ], \"viptime\": \"1584866289\", \"address\": \"456546\", \"num\": \"100\", \"tel_bar\": \"027674211\", \"vip\": 1, \"barid\": \"1\", \"unit_charges\": \"3\", \"followed\": 0, \"score\": \"5\" } } "},"src/53-bar-detail.html":{"url":"src/53-bar-detail.html","title":"网吧详情","keywords":"","body":"网吧详情 POST /capi.php c 53 v2.0 更新 请求参数 添加 sid id 返回参数 添加 followed score activities comment_number comments 请求参数 参数名 参数类型 参数说明 备注 sid string sessionid 登录成功后返回 id string 用户id 登录成功后返回 barid int 网吧id 返回参数 参数名 参数类型 参数说明 备注 barid string 网吧id barcode string 网吧编号 barimg string-array 网吧编号 logo string 网吧图标 address string 网吧地址 name string 网吧名 l_charges string 最低资费 如果是999999 则表示该网吧没有设置最低资费 h_charges string 最高资费 如果是0， 则表示该网吧没有设置最高资费 longitude string 经度 latitude string 纬度 distance string 距离 unit_charges string 资费 num int 机器台数 tel_bar string 吧台电话 vip int 是否为 vip 网吧 1,是vip网吧 viptime int vip 到期时间戳 followed int 是否已关注 0(默认):未关注，1:已关注 score string 评分 activities object array 优惠活动列表 详细说明 comment_number int 评论次数 netbar_point sting 网吧评分 comments object array 评论列表 详细说明 activity 参数名 参数类型 参数说明 备注 title string 优惠标题 type int 优惠类型 1:惠,2:充,3:首 comment 参数名 参数类型 参数说明 备注 id string 评论id uid string 用户id avatar string 用户头像 timestamp int 评论的时间戳 content string 评论内容 images string array 评论图片 score string 评论评分 reply_number int 回复数 replies object array 回复列表 详细说明 reply 参数名 参数类型 参数说明 备注 id string 回复id time string 回复时间 from_uid string 回复人id from_name string 回复人名字 from_avatar string 回复人头像 to_uid string 被回复人id to_name string 被回复人名字 content string 回复内容 返回实例 { \"status\": 1, \"info\": \"\", \"data\": { \"barid\": \"1\", \"barcode\": \"42010200005\", \"name\": \"红牛网吧\", \"address\": \"光谷创意产业基地\", \"num\": \"100\", \"tel_bar\": \"027674211\", \"longitude\": \"114.409555\", \"latitude\": \"30.482552\", \"comment_number\": \"144\", \"l_charges\": 3, \"h_charges\": 12, \"netbar_point\": 0, \"barimg\": [ \"http://192.168.2.196/Upload/barimg/20170519/591e58f8dee12.jpg\", \"http://192.168.2.196/Upload/barimg/20170519/591e58f906e69.jpg\", \"http://192.168.2.196/Upload/barimg/20170519/591e6ae131039.jpg\" ], \"activities\": [ { \"type\": \"2\", \"content\": \"上午8:00-12:00包时段上网只要10元\" }, { \"type\": \"2\", \"content\": \"上午8:00-12:00包浮点数\" }, { \"type\": \"1\", \"content\": \"分为氛围\" }, { \"type\": \"1\", \"content\": \"空间和客户就\" } ], \"followed\": 0, \"atte_list\": [], \"distance\": \"117m\", \"has_reserva\": 0, \"vip\": 1, \"unit_charges\": \"3-12\", \"logo\": \"http://192.168.2.196/Upload/logo/sys/netbar_logo.png\", \"comments\": { \"10\": { \"id\": \"10\", \"uid\": \"10430\", \"addtime\": \"1495613959\", \"content\": \"的合法的fdfdsfds身份，不盒饭给fdsfdsf房贷首付的fdsfdsfsf,评论2\", \"images\": \"\", \"score\": 4.5, \"barid\": \"1\", \"reply_number\": \"0\", \"status\": \"1\", \"dealtime\": \"0\", \"replies\": [ { \"id\": \"46\", \"barid\": \"1\", \"addtime\": \"1495679809\", \"from_uid\": \"10430\", \"to_uid\": \"0\", \"content\": \"dffftTf\", \"comment_id\": \"10\", \"to_reply_id\": \"0\", \"status\": \"1\", \"dealtime\": \"0\", \"group_id\": \"3\", \"from_avatar\": \"http://192.168.2.196/Upload/face/sys/6.jpg\", \"from_name\": \"小罗\", \"to_name\": \"\" }, { \"id\": \"47\", \"barid\": \"1\", \"addtime\": \"1495679816\", \"from_uid\": \"10430\", \"to_uid\": \"0\", \"content\": \"dffftTf\", \"comment_id\": \"10\", \"to_reply_id\": \"0\", \"status\": \"1\", \"dealtime\": \"0\", \"group_id\": \"2\", \"from_avatar\": \"http://192.168.2.196/Upload/face/sys/6.jpg\", \"from_name\": \"小罗\", \"to_name\": \"\" }, { \"id\": \"50\", \"barid\": \"1\", \"addtime\": \"1495692761\", \"from_uid\": \"10195\", \"to_uid\": \"10430\", \"content\": \"我\", \"comment_id\": \"10\", \"to_reply_id\": \"47\", \"status\": \"1\", \"dealtime\": \"0\", \"group_id\": \"1\", \"from_avatar\": \"http://192.168.2.196/Upload/face/sys/7.jpg\", \"from_name\": \"了了我是我我普通来咯啊啊\", \"to_name\": \"小罗\" } ], \"avatar\": \"http://192.168.2.196/Upload/face/sys/6.jpg\" }, \"11\": { \"id\": \"11\", \"uid\": \"10430\", \"addtime\": \"1495614062\", \"content\": \"的合法的fdfdsfds身份，不盒饭给fdsfdsf房贷首付的fdsfdsfsf,评论2\", \"images\": \"\", \"score\": 4.5, \"barid\": \"1\", \"reply_number\": \"0\", \"status\": \"1\", \"dealtime\": \"0\", \"avatar\": \"http://192.168.2.196/Upload/face/sys/6.jpg\", \"replies\": [] }, \"12\": { \"id\": \"12\", \"uid\": \"10430\", \"addtime\": \"1495614091\", \"content\": \"的合法的fdfdsfds身份，不盒饭给fdsfdsf房贷首付的fdsfdsfsf,评论2\", \"images\": \"\", \"score\": 4.5, \"barid\": \"1\", \"reply_number\": \"0\", \"status\": \"1\", \"dealtime\": \"0\", \"avatar\": \"http://192.168.2.196/Upload/face/sys/6.jpg\", \"replies\": [] }, \"13\": { \"id\": \"13\", \"uid\": \"10430\", \"addtime\": \"1495614121\", \"content\": \"的合法的fdfdsfds身份，不盒饭给fdsfdsf房贷首付的fdsfdsfsf,评论2\", \"images\": \"\", \"score\": 4.5, \"barid\": \"1\", \"reply_number\": \"0\", \"status\": \"1\", \"dealtime\": \"0\", \"avatar\": \"http://192.168.2.196/Upload/face/sys/6.jpg\", \"replies\": [] }, \"14\": { \"id\": \"14\", \"uid\": \"10430\", \"addtime\": \"1495614521\", \"content\": \"fdsfdsf的合法的fdfdsfds身份，不盒饭给fdsfdsf房贷首付的fdsfdsfsf,评论2\", \"images\": \"\", \"score\": 4.5, \"barid\": \"1\", \"reply_number\": \"0\", \"status\": \"1\", \"dealtime\": \"0\", \"avatar\": \"http://192.168.2.196/Upload/face/sys/6.jpg\", \"replies\": [] }, \"15\": { \"id\": \"15\", \"uid\": \"10430\", \"addtime\": \"1495614534\", \"content\": \"fdsfdsf的合法的fdfdsfds身份，不盒饭给fdsfdsf房贷首付的fdsfdsfsf,评论2\", \"images\": \"\", \"score\": 4.5, \"barid\": \"1\", \"reply_number\": \"0\", \"status\": \"1\", \"dealtime\": \"0\", \"avatar\": \"http://192.168.2.196/Upload/face/sys/6.jpg\", \"replies\": [] }, \"16\": { \"id\": \"16\", \"uid\": \"10430\", \"addtime\": \"1495614534\", \"content\": \"fdsfdsf的合法的fdfdsfds身份，不盒饭给fdsfdsf房贷首付的fdsfdsfsf,评论2\", \"images\": \"\", \"score\": 4.5, \"barid\": \"1\", \"reply_number\": \"0\", \"status\": \"1\", \"dealtime\": \"0\", \"avatar\": \"http://192.168.2.196/Upload/face/sys/6.jpg\", \"replies\": [] }, \"17\": { \"id\": \"17\", \"uid\": \"10430\", \"addtime\": \"1495614534\", \"content\": \"fdsfdsf的合法的fdfdsfds身份，不盒饭给fdsfdsf房贷首付的fdsfdsfsf,评论2\", \"images\": \"\", \"score\": 4.5, \"barid\": \"1\", \"reply_number\": \"0\", \"status\": \"1\", \"dealtime\": \"0\", \"avatar\": \"http://192.168.2.196/Upload/face/sys/6.jpg\", \"replies\": [] }, \"18\": { \"id\": \"18\", \"uid\": \"10430\", \"addtime\": \"1495614535\", \"content\": \"fdsfdsf的合法的fdfdsfds身份，不盒饭给fdsfdsf房贷首付的fdsfdsfsf,评论2\", \"images\": \"\", \"score\": 4.5, \"barid\": \"1\", \"reply_number\": \"0\", \"status\": \"1\", \"dealtime\": \"0\", \"avatar\": \"http://192.168.2.196/Upload/face/sys/6.jpg\", \"replies\": [] }, \"19\": { \"id\": \"19\", \"uid\": \"10430\", \"addtime\": \"1495614535\", \"content\": \"fdsfdsf的合法的fdfdsfds身份，不盒饭给fdsfdsf房贷首付的fdsfdsfsf,评论2\", \"images\": \"\", \"score\": 4.5, \"barid\": \"1\", \"reply_number\": \"0\", \"status\": \"1\", \"dealtime\": \"0\", \"avatar\": \"http://192.168.2.196/Upload/face/sys/6.jpg\", \"replies\": [] } } } } "},"src/54-bar-search-hot.html":{"url":"src/54-bar-search-hot.html","title":"搜索热门推荐","keywords":"","body":"搜索热门推荐 POST /capi.php c 54 v2.0 添加 请求参数 返回参数 返回实例 { \"status\": 1, \"info\": \"\", \"list\": [ { \"id\": \"2\", \"name\": \"模板网吧\", \"barcode\": \"42010400005\", \"hot_level\": \"1\" }, { \"id\": \"7\", \"name\": \"5账号网吧\", \"barcode\": \"42010200002\", \"hot_level\": \"1\" }, { \"id\": \"9\", \"name\": \"3账号网吧\", \"barcode\": \"42010200011\", \"hot_level\": \"1\" }, { \"id\": \"10\", \"name\": \"1账号网吧\", \"barcode\": \"42010200010\", \"hot_level\": \"1\" }, { \"id\": \"11\", \"name\": \"2账号网吧\", \"barcode\": \"42010214733\", \"hot_level\": \"1\" }, { \"id\": \"89\", \"name\": \"测试数据6\", \"barcode\": \"11010100020\", \"hot_level\": \"2\" }, { \"id\": \"75\", \"name\": \"ghjhgjghjghj\", \"barcode\": \"11010100007\", \"hot_level\": \"2\" }, { \"id\": \"44\", \"name\": \"连锁网吧0301-2\", \"barcode\": \"11010100004\", \"hot_level\": \"2\" }, { \"id\": \"37\", \"name\": \"晨风的网吧\", \"barcode\": \"11010100001\", \"hot_level\": \"2\" }, { \"id\": \"118\", \"name\": \"测试数据30\", \"barcode\": \"11010100047\", \"hot_level\": \"2\" } ], \"total_num\": 10 } "},"src/55-bar-activity-detail.html":{"url":"src/55-bar-activity-detail.html","title":"网吧活动详情","keywords":"","body":"网吧活动详情 POST /capi.php c 55 v2.0 添加 请求参数 参数名 参数类型 参数说明 备注 barid int 网吧id 返回参数 参数名 参数类型 参数说明 备注 name string 网吧名 score string 评分 activities object array 优惠活动列表 详细说明 activity 参数名 参数类型 参数说明 备注 title string 优惠标题 type int 优惠类型 1:惠,2:充,3:首 返回实例 { \"status\": 1, \"info\": \"\", \"data\": { \"name\": \"红牛网吧\", \"followed\": 0, \"score\": \"5\", \"activities\": [ { \"title\": \"上午8:00-12:00包时段上网只要10元！\", \"type\": 1 }, { \"title\": \"本网咖新用户可领取3-5元网费代金券！\", \"type\": 2 } ] } } "},"src/56-bar-followed.html":{"url":"src/56-bar-followed.html","title":"已关注网吧列表","keywords":"","body":"已关注网吧列表 POST /capi.php c 56 v2.0 添加 说明 启动的时候调用 1、当没有关注的网吧，进入的是地图界面。 2、当有关注的网吧，进入的是网吧详情界面，有多个关注的网吧时，进入的是上次退出时选中的网吧，如果没有缓存，取最后一个。 请求参数 参数名 参数类型 参数说明 备注 sid string sessionid 登录成功后返回 id string 用户id 登录成功后返回 返回参数 参数名 参数类型 参数说明 备注 barid string 网吧id name string 网吧名 返回实例 { \"status\": 1, \"info\": \"\", \"data\": [ { \"barid\": \"网吧id\", \"name\": \"红牛网吧\", } ] } "},"src/57-bar-comment-detail.html":{"url":"src/57-bar-comment-detail.html","title":"评论详情","keywords":"","body":"评论详情 POST /capi.php c 57 v2.0 添加 请求参数 参数名 参数类型 参数说明 备注 sid string sessionid 登录成功后返回 id string 用户id 登录成功后返回 barid int 网吧id page int 页码，默认为1 返回参数 参数名 参数类型 参数说明 备注 id string 评论id uid string 用户id avatar string 用户头像 timestamp int 评论的时间戳 content string 评论内容 images string array 评论图片 score string 评论评分 reply_number int 回复数 replies object array 回复列表 详细说明 reply 参数名 参数类型 参数说明 备注 id string 回复id time string 回复时间 from_uid string 回复人id from_name string 回复人名字 from_avatar string 回复人头像 to_uid string 被回复人id to_name string 被回复人名字 content string 回复内容 返回实例 { \"status\": 1, \"info\": \"\", \"data\": [ { \"id\": \"10\", \"uid\": \"10430\", \"addtime\": \"1495613959\", \"content\": \"的合法的fdfdsfds身份，不盒饭给fdsfdsf房贷首付的fdsfdsfsf,评论2\", \"images\": \"\", \"score\": 4.5, \"barid\": \"1\", \"reply_number\": 3, \"status\": \"1\", \"dealtime\": \"0\", \"face\": \"http://192.168.2.196/Upload/face/sys/6.jpg\", \"nickname\": \"小罗\", \"replies\": [ { \"id\": \"46\", \"barid\": \"1\", \"addtime\": \"1495679809\", \"from_uid\": \"10430\", \"to_uid\": \"0\", \"content\": \"dffftTf\", \"comment_id\": \"10\", \"to_reply_id\": \"0\", \"status\": \"1\", \"dealtime\": \"0\", \"group_id\": \"3\", \"from_face\": \"http://192.168.2.196/Upload/face/sys/6.jpg\", \"to_face\": \"\", \"from_nickname\": \"小罗\", \"to_nickname\": \"\" }, { \"id\": \"47\", \"barid\": \"1\", \"addtime\": \"1495679816\", \"from_uid\": \"10430\", \"to_uid\": \"0\", \"content\": \"dffftTf\", \"comment_id\": \"10\", \"to_reply_id\": \"0\", \"status\": \"1\", \"dealtime\": \"0\", \"group_id\": \"2\", \"from_face\": \"http://192.168.2.196/Upload/face/sys/6.jpg\", \"to_face\": \"\", \"from_nickname\": \"小罗\", \"to_nickname\": \"\" }, { \"id\": \"50\", \"barid\": \"1\", \"addtime\": \"1495692761\", \"from_uid\": \"10195\", \"to_uid\": \"10430\", \"content\": \"我\", \"comment_id\": \"10\", \"to_reply_id\": \"47\", \"status\": \"1\", \"dealtime\": \"0\", \"group_id\": \"1\", \"from_face\": \"http://192.168.2.196/Upload/face/sys/7.jpg\", \"to_face\": \"http://192.168.2.196/Upload/face/sys/6.jpg\", \"from_nickname\": \"了了我是我我普通来咯啊啊\", \"to_nickname\": \"小罗\" } ] }, { \"id\": \"11\", \"uid\": \"10430\", \"addtime\": \"1495614062\", \"content\": \"的合法的fdfdsfds身份，不盒饭给fdsfdsf房贷首付的fdsfdsfsf,评论2\", \"images\": \"\", \"score\": 4.5, \"barid\": \"1\", \"reply_number\": 0, \"status\": \"1\", \"dealtime\": \"0\", \"face\": \"http://192.168.2.196/Upload/face/sys/6.jpg\", \"nickname\": \"小罗\", \"replies\": \"\" }, { \"id\": \"12\", \"uid\": \"10430\", \"addtime\": \"1495614091\", \"content\": \"的合法的fdfdsfds身份，不盒饭给fdsfdsf房贷首付的fdsfdsfsf,评论2\", \"images\": \"\", \"score\": 4.5, \"barid\": \"1\", \"reply_number\": 0, \"status\": \"1\", \"dealtime\": \"0\", \"face\": \"http://192.168.2.196/Upload/face/sys/6.jpg\", \"nickname\": \"小罗\", \"replies\": \"\" }, { \"id\": \"13\", \"uid\": \"10430\", \"addtime\": \"1495614121\", \"content\": \"的合法的fdfdsfds身份，不盒饭给fdsfdsf房贷首付的fdsfdsfsf,评论2\", \"images\": \"\", \"score\": 4.5, \"barid\": \"1\", \"reply_number\": 0, \"status\": \"1\", \"dealtime\": \"0\", \"face\": \"http://192.168.2.196/Upload/face/sys/6.jpg\", \"nickname\": \"小罗\", \"replies\": \"\" }, { \"id\": \"14\", \"uid\": \"10430\", \"addtime\": \"1495614521\", \"content\": \"fdsfdsf的合法的fdfdsfds身份，不盒饭给fdsfdsf房贷首付的fdsfdsfsf,评论2\", \"images\": \"\", \"score\": 4.5, \"barid\": \"1\", \"reply_number\": 0, \"status\": \"1\", \"dealtime\": \"0\", \"face\": \"http://192.168.2.196/Upload/face/sys/6.jpg\", \"nickname\": \"小罗\", \"replies\": \"\" }, { \"id\": \"15\", \"uid\": \"10430\", \"addtime\": \"1495614534\", \"content\": \"fdsfdsf的合法的fdfdsfds身份，不盒饭给fdsfdsf房贷首付的fdsfdsfsf,评论2\", \"images\": \"\", \"score\": 4.5, \"barid\": \"1\", \"reply_number\": 0, \"status\": \"1\", \"dealtime\": \"0\", \"face\": \"http://192.168.2.196/Upload/face/sys/6.jpg\", \"nickname\": \"小罗\", \"replies\": \"\" }, { \"id\": \"16\", \"uid\": \"10430\", \"addtime\": \"1495614534\", \"content\": \"fdsfdsf的合法的fdfdsfds身份，不盒饭给fdsfdsf房贷首付的fdsfdsfsf,评论2\", \"images\": \"\", \"score\": 4.5, \"barid\": \"1\", \"reply_number\": 0, \"status\": \"1\", \"dealtime\": \"0\", \"face\": \"http://192.168.2.196/Upload/face/sys/6.jpg\", \"nickname\": \"小罗\", \"replies\": \"\" }, { \"id\": \"17\", \"uid\": \"10430\", \"addtime\": \"1495614534\", \"content\": \"fdsfdsf的合法的fdfdsfds身份，不盒饭给fdsfdsf房贷首付的fdsfdsfsf,评论2\", \"images\": \"\", \"score\": 4.5, \"barid\": \"1\", \"reply_number\": 0, \"status\": \"1\", \"dealtime\": \"0\", \"face\": \"http://192.168.2.196/Upload/face/sys/6.jpg\", \"nickname\": \"小罗\", \"replies\": \"\" }, { \"id\": \"18\", \"uid\": \"10430\", \"addtime\": \"1495614535\", \"content\": \"fdsfdsf的合法的fdfdsfds身份，不盒饭给fdsfdsf房贷首付的fdsfdsfsf,评论2\", \"images\": \"\", \"score\": 4.5, \"barid\": \"1\", \"reply_number\": 0, \"status\": \"1\", \"dealtime\": \"0\", \"face\": \"http://192.168.2.196/Upload/face/sys/6.jpg\", \"nickname\": \"小罗\", \"replies\": \"\" }, { \"id\": \"19\", \"uid\": \"10430\", \"addtime\": \"1495614535\", \"content\": \"fdsfdsf的合法的fdfdsfds身份，不盒饭给fdsfdsf房贷首付的fdsfdsfsf,评论2\", \"images\": \"\", \"score\": 4.5, \"barid\": \"1\", \"reply_number\": 0, \"status\": \"1\", \"dealtime\": \"0\", \"face\": \"http://192.168.2.196/Upload/face/sys/6.jpg\", \"nickname\": \"小罗\", \"replies\": \"\" } ] } "},"src/58-bar-comment.html":{"url":"src/58-bar-comment.html","title":"评论网吧","keywords":"","body":"评论网吧 POST /capi.php c 58 v2.0 添加 请求参数 参数名 参数类型 参数说明 备注 sid string sessionid 登录成功后返回 id string 用户id 登录成功后返回 barid int 网吧id content string 评论内容 images string array 评论图片 score string 评论评分 返回参数 参数名 参数类型 参数说明 备注 barid int 网吧id score string 评分 content string 评论内容 addtime int 评论时间 uid int 用户uid nickname string 评论人昵称 face string 评论人头像 comment_id int 评论id 返回实例 { \"status\": 1, \"info\": \"\", \"data\": { \"barid\": 2, \"score\": \"89.5\", \"content\": \"fdsfdsf的合法的fdfdsfds身份，不盒饭给fdsfdsf房贷首付的fdsfdsfsf,评论2\", \"addtime\": 1495682825, \"uid\": \"10444\", \"nickname\": \"游客1704261735327682\", \"face\": \"http://192.168.2.196/Upload/face/sys/1.jpg\", \"comment_id\": \"138\" } } "},"src/59-bar-comment-reply.html":{"url":"src/59-bar-comment-reply.html","title":"回复网吧评论","keywords":"","body":"回复网吧评论 POST /capi.php c 59 v2.0 添加 请求参数 参数名 参数类型 参数说明 备注 sid string sessionid 登录成功后返回 id string 用户id 登录成功后返回 comment_id int 评论id to_id(可选) int 评论对象id 如果是直接回复评论可不传 content string 评论内容 返回参数 参数名 参数类型 参数说明 备注 barid int 网吧id from_uid int 回复人uid content string 回复内容 addtime int 回复时间 from_nickname string 回复人昵称 from_face string 回复人头像 to_uid int 回复评论的回复的id 只有回复评论的回复的时候才存在 to_nickname string 回复评论的回复的回复人昵称 只有回复评论的回复的时候才存在 to_face string 回复评论的回复的回复人头像 只有回复评论的回复的时候才存在 reply_id int 回复id 返回实例 { \"status\": 1, \"info\": \"\", \"data\": { \"reply_id\": \"53\", \"barid\": 2, \"comment_id\": 1, \"content\": \"这123456广泛大锅饭帮的,\", \"from_uid\": \"10444\", \"addtime\": 1495700461, \"from_nickname\": \"游客1704261735327682\", \"from_face\": \"http://192.168.2.196/Upload/face/sys/1.jpg\", \"to_uid\": 10444, \"to_nickname\": \"游客1704261735327682\", \"to_face\": \"http://192.168.2.196/Upload/face/sys/1.jpg\" } } "},"src/60-bar-comment-report.html":{"url":"src/60-bar-comment-report.html","title":"举报网吧评论","keywords":"","body":"举报网吧评论 POST /capi.php c 60 v2.0 添加 请求参数 参数名 参数类型 参数说明 备注 sid string sessionid 登录成功后返回 id string 用户id 登录成功后返回 comment_id int 评论id result string 举报原因 返回参数 返回实例 { \"status\": 1, \"info\": \"\", \"data\": { \"data\": [], \"code\": 1, \"message\": \"操作成功\" } } "},"src/70-my-homepage.html":{"url":"src/70-my-homepage.html","title":"我的订单列表","keywords":"","body":"我的订单列表 POST /capi.php c 70 请求参数 参数名 参数类型 参数说明 备注 sid string sessionid 登录成功后返回 id string 用户id 登录成功后返回 订座订单数据 返回参数 参数名 参数类型 参数说明 备注 yue string 余额 newmsg string 新通知 phone string 电话 reserve_time int 订座时间 gotime int 预定到什么时间 orderid int 订单id g_orderid int 订单编号 endtime int 结束时间 flag int 状态 1：预定成功，并以付款， 2：订单完成中 3：已预定未付款 4：订单彻底完成 order_type int 订单类别 1： 订座订单 2： 游戏等其他充值类型 返回实例 { \"status\": 1, \"info\": \"\", \"data\": [ { \"id\": \"9\", \"client_id\": \"15,16,18,20\", \"uid\": \"10033\", \"phone\": \"\", \"reserve_time\": \"1490791938\", \"reserve_min\": \"0\", \"reserve_money\": \"0\", \"barid\": \"1\", \"status\": \"2\", \"gotime\": \"0\", \"orderid\": \"0\", \"overtime\": \"0\", \"endtime\": \"0\", \"barname\": \"红牛网吧\", \"g_orderid\": \"\", \"haspay\": \"\", \"b_status\": \"\", \"flag\": 3, \"order_type\": 1 } ] } 游戏充值等其他订单 返回参数 参数名 参数类型 参数说明 备注 recharge_id string 游戏订单编号 flag int 订单状态 1:订单完成 2： 订单完成中 extdes string 订单详细 游戏大区，账号等 g_orderid int 订单编号 endtime int 订单完成时间 money int 订单消费金额 单位分 buynum int 购买数量 addtime int 订单创建时间 order_type int 订单类型 1 订座订单，2 游戏充值或其他 返回实例 { \"status\": 1, \"info\": \"\", \"data\": [ { \"flag\": 2, \"order_type\": 2, \"extdes\": { \"chargegame\": \"完美世界\", \"chargeregion\": \"完美世界\", \"chargeserver\": \"\", \"chargetype\": \"\" }, \"status\": \"0\", \"haspay\": \"2\", \"g_orderid\": \"g1_20170326100028551428\", \"endtime\": \"1490493628\", \"account\": \"王企鹅期望\", \"money\": \"27000\", \"createtime\": \"1490493628\", \"buynum\": \"9\" }, { \"flag\": 2, \"order_type\": 2, \"extdes\": \"\", \"status\": \"0\", \"haspay\": \"2\", \"g_orderid\": \"g0_20170328195726549368\", \"endtime\": \"1490702246\", \"account\": \"21346\", \"money\": \"1000\", \"createtime\": \"1490702246\", \"buynum\": \"10\" } ] } "},"src/80-attebarid.html":{"url":"src/80-attebarid.html","title":"关注网吧","keywords":"","body":"关注网吧 POST /capi.php c 80 请求参数 参数名 参数类型 参数说明 备注 sid string sessionid 登录成功后返回 id string 用户id 登录成功后返回 is_atte int 0:取消，1：关注 barid int 网吧id 返回参数 参数名 参数类型 参数说明 备注 返回实例 { \"status\": 1, \"info\": \"\", \"data\": \"关注成功\" } "},"src/81-bar-followed.html":{"url":"src/81-bar-followed.html","title":"已关注网吧列表","keywords":"","body":"已关注网吧列表 POST /capi.php c 81 v2.0 添加 说明 启动的时候调用 1、当没有关注的网吧，进入的是地图界面。 2、当有关注的网吧，进入的是网吧详情界面，有多个关注的网吧时，进入的是上次退出时选中的网吧，如果没有缓存，取最后一个。 请求参数 参数名 参数类型 参数说明 备注 sid string sessionid 登录成功后返回 id string 用户id 登录成功后返回 返回参数 参数名 参数类型 参数说明 备注 barid string 网吧id name string 网吧名 返回实例 { \"status\": 1, \"info\": \"\", \"data\": [ { \"barid\": \"1\", \"name\": \"红牛网吧\", \"barcode\": \"42010200005\" }, { \"barid\": \"5\", \"name\": \"6账号网吧\", \"barcode\": \"42010200001\" } ] } "},"src/84-comment-info.html":{"url":"src/84-comment-info.html","title":"评论详情，单个评论","keywords":"","body":"评论详情，单个评论 POST /capi.php c 84 请求参数 参数名 参数类型 参数说明 备注 sid string sessionid 登录成功后返回 id string 用户id 登录成功后返回 barid int 网吧id comment_id int 评论id page int 回复页码，默认1，每一页显示10条 返回参数 参数名 参数类型 参数说明 备注 id string 评论id uid int 用户id addtime int 评论时间 content string 评论内容 images string 图片 score int 评分 barid int 网吧id reply_number int 回复个数 status int 评论状态，1：正常，2：被警告的评论，（目前没区别，可不用理会） dealtime int 评论处理时间 face string 评论人头像 nickname string 评论人昵称 replies array 回复 返回实例 { \"status\": 1, \"info\": \"\", \"data\": { \"id\": \"1\", \"uid\": \"10430\", \"addtime\": \"1495610015\", \"content\": \"的合法的fdfdsfds身份，不盒饭给fdsfdsf房贷首付的fdsfdsfsf,评论2\", \"images\": \"\", \"score\": 4.5, \"barid\": \"2\", \"reply_number\": 8, \"status\": \"1\", \"dealtime\": \"0\", \"face\": \"http://192.168.2.196/Upload/face/sys/6.jpg\", \"nickname\": \"小罗\", \"replies\": [ { \"id\": \"33\", \"barid\": \"2\", \"addtime\": \"1495620172\", \"from_uid\": \"10430\", \"to_uid\": \"0\", \"content\": \"这123456广泛大锅饭帮的,\", \"comment_id\": \"1\", \"to_reply_id\": \"1\", \"status\": \"1\", \"dealtime\": \"0\", \"from_face\": \"http://192.168.2.196/Upload/face/sys/6.jpg\", \"from_nickname\": \"小罗\", \"to_face\": \"\", \"to_nickname\": \"\" }, { \"id\": \"34\", \"barid\": \"2\", \"addtime\": \"1495620172\", \"from_uid\": \"10430\", \"to_uid\": \"10444\", \"content\": \"这123456广泛大锅饭帮的,\", \"comment_id\": \"1\", \"to_reply_id\": \"1\", \"status\": \"1\", \"dealtime\": \"0\", \"from_face\": \"http://192.168.2.196/Upload/face/sys/6.jpg\", \"from_nickname\": \"小罗\", \"to_face\": \"http://192.168.2.196/Upload/face/sys/1.jpg\", \"to_nickname\": \"游客1704261735327682\" }, { \"id\": \"35\", \"barid\": \"2\", \"addtime\": \"1495620172\", \"from_uid\": \"10430\", \"to_uid\": \"10444\", \"content\": \"这123456广泛大锅饭帮的,\", \"comment_id\": \"1\", \"to_reply_id\": \"1\", \"status\": \"1\", \"dealtime\": \"0\", \"from_face\": \"http://192.168.2.196/Upload/face/sys/6.jpg\", \"from_nickname\": \"小罗\", \"to_face\": \"http://192.168.2.196/Upload/face/sys/1.jpg\", \"to_nickname\": \"游客1704261735327682\" }, { \"id\": \"36\", \"barid\": \"2\", \"addtime\": \"1495620173\", \"from_uid\": \"10430\", \"to_uid\": \"10444\", \"content\": \"这123456广泛大锅饭帮的,\", \"comment_id\": \"1\", \"to_reply_id\": \"1\", \"status\": \"1\", \"dealtime\": \"0\", \"from_face\": \"http://192.168.2.196/Upload/face/sys/6.jpg\", \"from_nickname\": \"小罗\", \"to_face\": \"http://192.168.2.196/Upload/face/sys/1.jpg\", \"to_nickname\": \"游客1704261735327682\" }, { \"id\": \"37\", \"barid\": \"2\", \"addtime\": \"1495620173\", \"from_uid\": \"10430\", \"to_uid\": \"10444\", \"content\": \"这123456广泛大锅饭帮的,\", \"comment_id\": \"1\", \"to_reply_id\": \"1\", \"status\": \"1\", \"dealtime\": \"0\", \"from_face\": \"http://192.168.2.196/Upload/face/sys/6.jpg\", \"from_nickname\": \"小罗\", \"to_face\": \"http://192.168.2.196/Upload/face/sys/1.jpg\", \"to_nickname\": \"游客1704261735327682\" }, { \"id\": \"38\", \"barid\": \"2\", \"addtime\": \"1495620173\", \"from_uid\": \"10430\", \"to_uid\": \"10444\", \"content\": \"这123456广泛大锅饭帮的,\", \"comment_id\": \"1\", \"to_reply_id\": \"1\", \"status\": \"1\", \"dealtime\": \"0\", \"from_face\": \"http://192.168.2.196/Upload/face/sys/6.jpg\", \"from_nickname\": \"小罗\", \"to_face\": \"http://192.168.2.196/Upload/face/sys/1.jpg\", \"to_nickname\": \"游客1704261735327682\" }, { \"id\": \"48\", \"barid\": \"2\", \"addtime\": \"1495683733\", \"from_uid\": \"10444\", \"to_uid\": \"10444\", \"content\": \"这123456广泛大锅饭帮的,\", \"comment_id\": \"1\", \"to_reply_id\": \"1\", \"status\": \"1\", \"dealtime\": \"0\", \"from_face\": \"http://192.168.2.196/Upload/face/sys/1.jpg\", \"from_nickname\": \"游客1704261735327682\", \"to_face\": \"http://192.168.2.196/Upload/face/sys/1.jpg\", \"to_nickname\": \"游客1704261735327682\" }, { \"id\": \"49\", \"barid\": \"2\", \"addtime\": \"1495683758\", \"from_uid\": \"10444\", \"to_uid\": \"10444\", \"content\": \"这123456广泛大锅饭帮的,\", \"comment_id\": \"1\", \"to_reply_id\": \"1\", \"status\": \"1\", \"dealtime\": \"0\", \"from_face\": \"http://192.168.2.196/Upload/face/sys/1.jpg\", \"from_nickname\": \"游客1704261735327682\", \"to_face\": \"http://192.168.2.196/Upload/face/sys/1.jpg\", \"to_nickname\": \"游客1704261735327682\" } ] } } "},"src/91-myinfo.html":{"url":"src/91-myinfo.html","title":"我的资料","keywords":"","body":"我的资料 POST /capi.php c 91 请求参数 参数名 参数类型 参数说明 备注 sid string sessionid 登录成功后返回 id string 用户id 登录成功后返回 返回参数 参数名 参数类型 参数说明 备注 face string 用户头像 nickname string 用户昵称 sex int 性别 1：男，2：女，0：保密 phone string 用户绑定的手机号 netcard string 上网卡号 qq string qq号 返回实例 { \"status\": 1, \"info\": \"\", \"data\": { \"face\": http:\\/\\/192.168.2.196\\/Upload\\/face\\/sys\\/6.jpg, \"nickname\": 小罗, \"sex\": 1, \"phone\": \"15871790230\", \"netcard\": '', \"qq\": '' } } "},"src/92-editsex.html":{"url":"src/92-editsex.html","title":"修改性别","keywords":"","body":"修改性别 POST /capi.php c 92 请求参数 参数名 参数类型 参数说明 备注 sid string sessionid 登录成功后返回 id string 用户id 登录成功后返回 sex int 设置的性别 1:男，2：女，0：保密 返回参数 参数名 参数类型 参数说明 备注 返回实例 { \"status\": 1, \"info\": \"\", \"data\": \"设置性别成功\", } "},"src/93-bindnetcard.html":{"url":"src/93-bindnetcard.html","title":"绑定上网卡号","keywords":"","body":"绑定上网卡号 POST /capi.php c 93 请求参数 参数名 参数类型 参数说明 备注 sid string sessionid 登录成功后返回 id string 用户id 登录成功后返回 netcard string 上网卡号 返回参数 参数名 参数类型 参数说明 备注 返回实例 { \"status\": 1, \"info\": \"\", \"data\": { \"netcard\":\"855422483201\" } } "},"src/94-bindqq.html":{"url":"src/94-bindqq.html","title":"绑定qq号","keywords":"","body":"绑定qq号 POST /capi.php c 94 请求参数 参数名 参数类型 参数说明 备注 sid string sessionid 登录成功后返回 id string 用户id 登录成功后返回 qq string qq号 返回参数 参数名 参数类型 参数说明 备注 返回实例 { \"status\": 1, \"info\": \"\", \"data\": { \"qq\":\"872551220\" } } "}}